{"cameraMode":{"drawMode":0,"name":"Shaded","section":"Shading Mode"},"sceneLighting":false,"audioPlay":false,"sceneViewState":{"showFog":true,"showMaterialUpdate":true,"showSkybox":true,"showFlares":true,"showImageEffects":true,"showParticleSystems":true},"in2DMode":false,"pivot":{"x":22.199237823486329,"y":-11.266737937927246,"z":315.9010925292969},"rotation":{"x":0.027419067919254304,"y":0.02012941613793373,"z":0.0007600453100167215,"w":0.9995803833007813},"size":451.3507995605469,"orthographic":false}