{"cameraMode":{"drawMode":0,"name":"Shaded","section":"Shading Mode"},"sceneLighting":false,"audioPlay":false,"sceneViewState":{"showFog":true,"showMaterialUpdate":true,"showSkybox":true,"showFlares":true,"showImageEffects":true,"showParticleSystems":true},"in2DMode":false,"pivot":{"x":-54.26845932006836,"y":-306.01470947265627,"z":1103.26220703125},"rotation":{"x":-0.13374221324920655,"y":0.02658466435968876,"z":-0.004790566395968199,"w":-0.9908589124679565},"size":1172.019775390625,"orthographic":false}